title,company,location,description,posted
Technical Support Analyst,CBH Homes,"Meridian, ID",We are seeking a skilled Technical Support Analyst to join our IT Department. This role is responsib,3 hours ago
Help Desk Support- Tier I,Sparibis,"Florida, United States","Location:
100% remote
Years’ Experience:
2+ years professional experience
Education:
Bachelor’s Degr",2 minutes ago
Data Analyst,City of San Antonio,"San Antonio, TX","Under direction, interprets data to help organizations make informed decisions. Collects, processes,",6 hours ago
IT Support Engineer,NinjaTrader,"Chicago, IL","Disclaimer:
Please be advised that the most accurate and up-to-date information about our open roles",1 hour ago
IT System Administrator Remote,Digital Technology Partners,"Huntsville, AL","Job Description
Digital Technology Partners (DTP) is a Managed Services Provider with a focus on the",3 hours ago
Data Analyst,Jack,United States,"A leading technology and workforce solutions company is seeking a
Remote Data Analyst
. This role is",3 hours ago
IT Systems & Support Engineer,"WellRithms, Inc.","Portland, Oregon Metropolitan Area","Who We Are
WellRithms is a rapidly growing company boldly transforming the landscape of healthcare r",55 minutes ago
Information Technology Support Engineer,"WellRithms, Inc.","Portland, Oregon Metropolitan Area","Who We Are
WellRithms is a rapidly growing company boldly transforming the landscape of healthcare r",1 hour ago
IT Director,HireUp Leadership,"Denver, CO",Fantastic opportunity to join a mission-driven nonprofit foundation supporting healthcare initiative,5 hours ago
Executive IT Support Specialist,SpaceX,"Texas, United States",SpaceX was founded under the belief that a future where humanity is out exploring the stars is funda,4 hours ago
Head of IT,Search Services,"Houston, TX","Our client is a
private equity-backed E&P portfolio company
based in Houston, TX, with a strong reco",6 hours ago
Junior Network Engineer,Merge IT,"Portland, Oregon Metropolitan Area","Our enterprise-level client is seeking to add a Junior Network Engineer to the team in Portland, OR ",1 hour ago
Desktop Support Specialist,CEI,"Scottsdale, AZ","Computer Enterprises, Inc. (CEI) is seeking a talented
Desktop Support
to join our Client's dynamic ",3 hours ago
Technical Support Engineer,Microsoft,United States,"With more than 45,000 employees and partners worldwide, the Customer Experience and Success (CE&S) o",56 minutes ago
IT Support Specialist,nTop,"New York, NY","At nTop, we are passionate about building next-generation engineering solutions. We enable the most ",4 hours ago
CIO - Chief Information Officer,Robert Half,"York, PA","Key Responsibilities:
•	Proactively identifies and aligns technology strategies with business goals ",4 hours ago
IT Systems Engineer (Remote - US),Jobgether,United States,This position is posted by Jobgether on behalf of a partner company. We are currently looking for an,6 hours ago
Help Desk Analyst,American University,"Washington, DC","American University is a student-centered research institution located in Washington, DC, with highl",6 hours ago
Jr. Systems Administrator,VITS Consulting Corp,"Minneapolis, MN","Job Title:
Jr. Systems Administrator
Location:
Minneapolis, MN 55419, USA
Position Duties
Assist pro",27 minutes ago
Information Security Engineer I,Simmons Bank,"Dallas, TX","It's fun to work in a company where people truly BELIEVE in what they're doing!
We're committed to b",4 hours ago
